{
  "cloud_package_completed_time": "",
  "draft_cloud_capcut_purchase_info": "",
  "draft_cloud_last_action_download": false,
  "draft_cloud_package_type": "",
  "draft_cloud_purchase_info": "",
  "draft_cloud_template_id": "",
  "draft_cloud_tutorial_info": "",
  "draft_cloud_videocut_purchase_info": "",
  "draft_cover": "draft_cover.jpg",
  "draft_deeplink_url": "",
  "draft_enterprise_info": {
    "draft_enterprise_extra": "",
    "draft_enterprise_id": "",
    "draft_enterprise_name": "",
    "enterprise_material": []
  },
  "draft_fold_path": "H:/缓存/剪映草稿/JianyingPro Drafts/00637e66-853a-47dc-98d3-b2af30b85c2d",
  "draft_id": "00637E66-853A-47DC-98D3-B2AF30B85C2D",
  "draft_is_ae_produce": false,
  "draft_is_ai_packaging_used": false,
  "draft_is_ai_shorts": false,
  "draft_is_ai_translate": false,
  "draft_is_article_video_draft": false,
  "draft_is_from_deeplink": "false",
  "draft_is_invisible": false,
  "draft_materials": [
    {
      "type": 0,
      "value": []
    },
    {
      "type": 1,
      "value": []
    },
    {
      "type": 2,
      "value": []
    },
    {
      "type": 3,
      "value": []
    },
    {
      "type": 6,
      "value": []
    },
    {
      "type": 7,
      "value": []
    },
    {
      "type": 8,
      "value": []
    }
  ],
  "draft_materials_copied_info": [],
  "draft_name": "00637e66-853a-47dc-98d3-b2af30b85c2d",
  "draft_need_rename_folder": false,
  "draft_new_version": "",
  "draft_removable_storage_device": "H:",
  "draft_root_path": "H:\\缓存\\剪映草稿\\JianyingPro Drafts",
  "draft_segment_extra_info": [],
  "draft_timeline_materials_size_": 2075,
  "draft_type": "",
  "tm_draft_cloud_completed": "",
  "tm_draft_cloud_modified": 0,
  "tm_draft_cloud_space_id": -1,
  "tm_draft_create": 1745982471979725,
  "tm_draft_modified": 1745982474979725,
  "tm_draft_removed": 0
}